question,answer
What does the hadith narrated by Abu Hafs 'Umar bin al-Khattab indicate about the importance of intentions in actions?,"The hadith states that actions are judged by motives (niyyah), meaning each person will receive the consequence of their intentions; if one's migration (hijrah) was for Allah and His Messenger, it is accepted as such, but if it was for worldly gain or personal reasons, it is regarded according to that intention."
"What principle does the Prophet, sallallahu 'alayhi wasallam, emphasize in the hadith regarding actions?","""Actions are judged by intentions."""
"Who was the questioner that came to teach about religion, and what important concept did he discuss regarding serving Allah?","The questioner was Jibril, and he emphasized that one should serve Allah as though they could see Him, even though they cannot see Him."
What did 'Umar bin al-Khattab demonstrate about dealing with qadar in the context of illness and hardship during his leadership?,"'Umar bin al-Khattab demonstrated that while qadar (destiny) exists, one should actively seek solutions to challenges, such as avoiding a contagious disease, which he viewed as moving from one qadar to another qadar."
What does Islam teach about personal responsibility in relation to committing sins and fulfilling religious obligations?,Islam teaches that individuals are responsible for their actions and cannot blame qadar (divine decree) for committing sins or failing to fulfill religious obligations; it emphasizes the importance of repentance and returning to the right path.
"What are the three components that the Prophet Muhammad defined as part of the deen, and how are they interrelated?","The three components are Al-Islam (outward actions), Al-Iman (inner belief), and Al-Ihsan (the highest level of worship). Al-Islam and Al-Iman can be interchanged, and when either term is used on its own, it encompasses all three components."
What metaphor is used in Surah An-Nur (24): ayat 35 to describe the guidance in the heart of the Mua'min?,The metaphor of light is used to represent the light of guidance in the heart of the Mua'min.
What is the obligation regarding Zakat according to the scholars mentioned in the text?,"Knowing the details of Zakat becomes an obligation when a person owns the type of property that requires them to give Zakat, such as for farmers, traders, or property owners."
"What are the two views regarding the timing of when the ruh is breathed into the fetus according to scholars, and how does this affect the Fatwa on abortion?","The first view states that the ruh is breathed into the fetus after 120 days, allowing abortion only before that time for serious reasons. The second view argues that the ruh is breathed into the fetus after 40 days, allowing abortion only before that time."
What are the two categories of Al-Qadar as described in the text?,"1. Al-Qadar al-Kulli (the general qadar recorded in Al-Lauhulmahfudz) and 2. Al-Qadar al-Sanawi (the annual qadar that occurs once a year, such as Lailatul qadar)."
What effect did the scholars' presentation of the Islamic perspective on the stages of the fetus have on some attendees of the conference?,"Some attendees embraced Islam, believing it to be a Divine revelation."
What internal and external factors influence a person's decision to perform bad deeds according to the text?,"Internal factors include faith and the blaming self, while external factors involve existing prohibitions (muharamat) that activate desires (hawa) and lead to bad deeds."
What are the two types of guidance (hidayah) mentioned in the text?,(i) To the path is becoming a Muslim and (ii) Within the path is increasing our faith.
"What does the Messenger of Allah, as narrated by Umm 'Abdullah 'Aishah, say about introducing new things into Islam?","He stated that ""whosoever introduces into this affair of ours something that does not belong to it, it is to be rejected."""
"What should Muslims understand about the obligation of offering a sacrifice if they cannot afford it, and how does this relate to the actions of the Prophet Muhammad?","Muslims do not have to perform the sacrifice if they cannot afford it as it is not obligatory (awajib). The actions of the Prophet Muhammad, such as certain practices done from time to time, should be observed to avoid misconceptions about their obligatory nature."
How can we differentiate between the actions of the Prophet Muhammad that were done for the purpose of ibadah and those that were not?,Actions commanded by the Prophet Muhammad or prohibitions he set are considered ibadah; actions done out of custom or for practical reasons are not.
What does Islam being described as a complete religion imply about the introduction of new practices or deletions from it?,"It implies that there should be no additions or deletions to the religion, as it is perfect and any such actions would be an affront to Allah and the Prophet Muhammad (sallallahu 'alayhi wasallam)."
What is the main principle regarding the performance of ibadah according to the text?,"The main principle is that we should not attach hardship to our ibadah in hopes of increased reward; instead, we should choose the easier way to perform it, as Shariah is based on ease."
What is the purpose of the hadiths selected by al-Imam al-Nawawi according to the text?,They serve as principles and criteria that help Muslims practice easily and fulfill their daily religious obligations.
What does the placement of the first hadith in Kitab al-Buyu' by Imam al-Bukhari imply about the nature of trading?,"It implies that doubtful matters are related to the things that we buy and sell, indicating the importance of ensuring that trade is conducted with halal (permissible) items."
"What distinguishes Abu Bakr as-Sidiq according to the Prophet Muhammad, and what should Muslims do to ensure their hearts are sound?","Abu Bakr as-Sidiq's iman outweighs that of the entire Muslim ummah, and Muslims should purify their hearts, activate iman, and avoid negative traits like greediness, envy, and arrogance to ensure their hearts are sound."
"Why is it important to say or write ""sallallahu 'alayhi wasallam"" in full when mentioning the Prophet?","It is important because it is encouraged, and those who do not say it when the Prophet's name is mentioned are considered greedy according to the Prophet's teachings."
What is the main principle of the hadith regarding the heart and the body?,"The main principle is that if the heart is sound, the whole body is sound; if the heart is corrupt, the whole body is corrupt."
What is the recommended approach to teaching about the Sunnah according to the text?,"The recommended approach is to start with the highest level of Sunnan, ensuring that people understand and love the basic concepts before gradually introducing lower levels and more details."
What are the key principles of giving nasiha (sincere advice) to Muslim leaders?,"The key principles include having good intentions, advising mildly and respectfully, avoiding harshness and embarrassment, not divulging their wrong-doings, helping them in good, obeying in what is right, reminding them if they err, being patient, and praying for their guidance."
What are the conditions under which the messenger of Allah grants protection to people's lives and property according to the hadith narrated by Abdullah bin Omar?,"Protection is granted if they testify that there is no god but Allah and that Muhammad is the messenger of Allah, and if they perform prayers and pay zakat."
What methods are being used today by evil doers to promote evil and alter perceptions?,"Evil doers are using methods such as media and technology, including pictures and spoken or written words, to change perceptions and influence attitudes and values."
What should Muslim educators and intellectuals focus on regarding technology and its use in da'wah?,"They should master technology and control its use for their benefit, employing it as a form of counter manipulation to positively influence perceptions within the Muslim community, utilizing Qur'anic styles of metaphorical and analytical thinking in their dialogues."
What is a significant characteristic of Shariah (Islamic Law) regarding fulfilling obligations?,"Shariah is characterized by its flexibility and practicality, allowing individuals to fulfill obligations based on their ability and capacity."
What is the significance of consuming 'at-Tayyib' food and adhering to proper manners according to Islamic teachings?,"Consuming 'at-Tayyib' food and observing proper manners leads to better attitudes and behaviors, increased Iman, a purer heart devoted to Allah, and ultimately results in being 'tayyibun', pure and blessed by Allah."
"What is the key advice given by the Messenger of Allah, as reported by Abu Muhammad al-Hasan bin Ali?","""Leave that about which you are in doubt for that about which you are in no doubt."""
"In a situation where a person is uncertain about the number of rakaats they have prayed, what should they do?","They should continue their prayer with the number they are certain of, for example, if they are sure they have prayed one rakaat, they should continue with the second one."
"What should one do if they are unsure about the permissibility of an act in Islamic law, according to Shaykh Jamaluddin Zarabozo?",It is better to avoid acts which we are not sure of or where there are no clear views from scholars.
What does the hadith provide Muslims with in relation to doubtful acts and situations?,"The hadith equips Muslims with a practical criterion to judge doubtful acts and situations, helping them make the right decisions."
What should we focus on to avoid wasting our time and effort?,We should focus on matters that are of benefit to us and to the ummah.
"What should be the basis for considering someone a brother in Islam and deserving of our support, according to the text?","The basis should be that people with the minimum level of Islam should be considered brothers, and we should care for them and love for them what we love for ourselves."
What are the different manners in which the hadith can be practiced according to the text?,"The hadith can be practiced through advising, giving charity, enjoining goodness, and forbidding evil."
What are the three classes of individuals whose blood is lawful to shed according to the hadith narrated by Ibn Mas’ud?,"A married man who is an adulterer, a person guilty of murder (life for a life), and one who deserts his religion, abandoning the community."
"What is the difference between lamenting with Allah and complaining to others, according to the text?","Lamenting with Allah is considered munajah and turns into ibadah, while complaining to others is seen as tashakki and violates the principle of sabr."
"What should a person do if their neighbor causes them annoyance, according to a hadith?",They should remain patient and tolerate the neighbor.
What is the general scholarly opinion on the act of hosting according to the text?,"The majority of scholars consider hosting to be recommended (mustahab) and not obligatory (wajib), although it is viewed as a great and noble act."
"What should a person do when they become angry, according to the teachings of the Prophet Muhammad (sallallahu ‘alayhi wasallam)?","A person should perform ablution, sit down, or lie down if necessary, and remain silent to avoid incorrect actions and speech."
What is the potential benefit of being patient towards others who have been harsh?,It may lead them to think and change themselves to be better.
What is the significance of the hadith regarding the camel and how does it relate to the treatment of animals in Islam?,"The hadith illustrates that animals should not be overburdened and must be treated with care, as demonstrated when the Prophet Muhammad relayed the camel's complaint about being overworked and underfed. This reflects the Islamic principle of Ihsan, emphasizing mercy and ethical treatment towards animals."
What is the stance of some contemporary scholars on the use of mass destruction weapons by Muslims if used in response to enemies of Islam?,Some contemporary scholars say that Muslims are allowed to use mass destruction weapons only in response and as a counteract.
What are the key pieces of advice the Prophet Muhammad gives to Abdullah bin Abbas in the hadith?,"Be mindful of Allah, and Allah will protect you; ask and seek help from Allah; understand that nothing can benefit or harm you except what Allah has recorded for you; know that victory comes with patience, relief with affliction, and ease with hardship."
"What are the two aspects of haya' mentioned in the text, and how is acquired haya' attained?",The two aspects of haya' are natural haya' and acquired haya'. Acquired haya' is attained as a result of knowing and realizing the Glory of Allah and His attributes.
What are some negative consequences of distorted haya' (modesty) as mentioned in the text?,"Distorted haya' can lead to higher chances of committing sins, neglecting obligations, and engaging in criminal activities, as well as using haya' to justify inaction against falsehood or oppression."
What are the four key concepts related to making a commitment in Islam as described in the text?,1. Commitment (Musharatah) to steadfastness and adherence to Islam; 2. Continuous efforts (Mujahadah) to realize the commitment; 3. Continuous checking and reviewing of one's deeds (Muraqabah) to ensure honesty and accountability.
What should educators and preachers consider when answering questions from new converts to Islam?,"They should take into account the background or status of the questioner, as different people may require different answers or approaches based on their cultural or environmental context."
"What does the term 'al-tuhur' refer to according to Al-Imam Ibn Rajab, and what are the reasons for this interpretation?","The term 'al-tuhur' refers to ritual purification by water (wudu'). Ibn Rajab supports this interpretation because another version of the hadith states that wudu' is 'half of iman', and Imam Muslim recorded the hadith in chapters related to ablution."
What is the significance of al-Tahmid compared to al-Tasbih according to Ibn Rajab?,"Al-Tahmid, which means praising and thanking Allah, is greater than al-Tasbih, which is glorifying Allah and denying any negative traits towards Him, indicating that being grateful to Allah is more important than merely glorifying Him."
What does Sheikh al-Sa'di say about the obligation of dhikr Allah in his commentary on Surah al-Ahzab?,Sheikh al-Sa'di states that dhikr Allah is an obligation that must be fulfilled.
What is the significance of preserving the salah according to the hadith mentioned in the text?,"Preserving the salah will lead to it interceding for the servant of Allah on the Day of Judgment and being a light, proof, and safe place for him."
"What is the significance of overcoming greed for wealth in relation to iman, according to the text?",Overcoming greed for the sake of Allah indicates that a person has strong iman.
"What is the main purpose of the Qur'an according to contemporary scholars, as mentioned in the text?",The Qur'an is revealed for the living and not for those who have passed away.
"What does Allah affirm about His nature regarding justice, as mentioned in several verses of the Qur'an?","Allah affirms His absolute justice and negates any form of injustice towards anyone, emphasizing that He does not wrong anyone, even by the weight of an atom."
Why is it important for Muslims to constantly show their need to Allah?,"Muslims should show their need to Allah at all times because they are inherently poor and needy, and Allah is the only One who does not need anything from anyone. This acknowledgment expresses gratitude and dependence on Allah for all aspects of life, which strengthens one's faith."
"What is the source of misguidance according to the text, and how does it relate to Allah's will?","Misguidance is a result of a person's own will and choice, not from Allah's will, as Allah does not want individuals to be misguided. Misguidance stems from personal attitudes and behaviors, like arrogance, and Allah's misguidance may occur later as a punishment for those who choose to be misguided."
"What should be the approach when trying to help someone, according to the text?","The approach should be with tolerance and patience, ensuring that the act is done with good intentions to be perceived positively."
What are the small bones in the hands and feet referred to in the context of their significance to human movement and civilization?,"The small bones are referred to as 'salameh', and they enable human beings to move, grasp, construct, and build things, which are keys to the progress and civilization of man."
"According to the Prophet Muhammad, what is the definition of righteousness and sin?","Righteousness is good character, while sin is what wavers in your heart and what you do not want people to know about."
"What is the proposed strategy to address the challenges faced by Muslims in the context of globalization, according to the text?",The strategy is to 'activate' and 'upgrade' the internal controlling system to help Muslims live their lives in tranquility and without confusion.
"What does the Messenger of Allah advise regarding Taqwa, listening to rulers, and innovations in his farewell sermon?","He advises to have Taqwa of Allah, to listen and obey even if a slave is made a ruler, to observe his Sunnah and that of the rightly-guided successors, and to beware of innovations, stating that every innovation is an error."
What did Imam Malik advise against regarding actions that were not practiced by the Prophet Muhammad and his companions?,"Imam Malik advised against performing actions that had not been practiced by the Prophet Muhammad or his companions, such as hitting a stick against the side of the minaret before giving the adhan."
"What did the Prophet Muhammad, sallallahu alayhi wasallam, emphasize about the consequences of speech in relation to accountability?","He indicated that the jests of people's tongues can lead to them being toppled into the Hell-fire, highlighting the seriousness of what one says."
What is the advised approach to feelings towards someone who you might like or dislike in the future?,"You should like someone moderately because they might become someone you dislike, and when you dislike someone, you should dislike them moderately because they might become someone you like."
"What did the Prophet Muhammad (sallallahu 'alayhi wasallam) compare the value of worldly life to, and what lesson can be derived from this comparison?","The Prophet compared worldly life to a dead animal or goat, illustrating that it is insignificant in the sight of Allah. The lesson is that Muslims should place more trust in Allah and focus on the rewards of the Hereafter rather than being overly attached to worldly possessions."
What are the three actions of the heart that define zuhd according to Ibn Rajab?,"1) Recognizing that all provisions come from Allah, 2) Not being bothered by worldly losses while seeking rewards, 3) Not caring for praise or blame from others."
What is the concept of zuhdd and how does it relate to fulfilling community obligations?,"Zuhd is the practice of performing actions with good intentions for the sake of Allah, which includes the betterment of the community as a form of worship, without neglecting one's obligations towards Allah."
What are the criteria mentioned for testing our love for Allah?,"The criteria include loving the Prophet more than ourselves and our family, loving his sunnah, remembering Allah through all forms of dzikr, and practicing preferable good deeds."
What is the key principle conveyed in the hadith related by Abu Sa'id regarding harm in Islam?,"The key principle is that ""There should be neither harming nor reciprocating harm."""
"What is considered a major sin in relation to inheritance according to Ibn Abbas, and what is prohibited in Islam regarding the treatment of inheritors?","Favoring any one of the inheritors beyond their rightful share is considered a major sin and causes harm to immediate inheritors, as stated in the Qur'an."
"According to Imam Malik, what is the consequence of selling an item at a price that exceeds a third of its worth?",It is considered harm and is prohibited.
What is the primary responsibility of the plaintiff in a legal dispute according to the text?,"The primary responsibility of the plaintiff is to bear the burden of proof, demonstrating their claims with evidence until a degree of certainty is achieved."
What does the Prophet Muhammad warn about in relation to taking someone else's property unjustly?,He warns that even taking as little as a spin of a palm of someone else's property will result in severe accountability on the Day of Judgment.
What does Husnul-Istimaa' (Good listening) entail according to the text?,"Husnul-Istimaa' involves the Caller being attentive to the needs, feelings, and complaints of the people he calls."
What are the three key principles of Inkaarul-Munkar (Forbidding what is evil)?,"1. Prioritize the evil, starting with higher priority; 2. Use a gradual approach (Tadarruj) as demonstrated in the prohibition of wine; 3. Avoid looking for people's faults, with exceptions for clear indications of wrongdoing."
"Why is envy (hasad) forbidden in Islam, and what consequences can it have?","Envy is forbidden in Islam because it can cause harm to others, even by just wishing it, and is considered an evil act. It is associated with Shaitan and is mentioned as a negative trait in certain verses of the Quran."
"What did the Prophet, sallallahu 'alayhi wasallam, say about the relationship between belief, love, and entering paradise?","He stated that you will not enter paradise until you believe, and you will not believe until you love one another."
"What is the difference in meaning between ""to relieve"" and ""to remove"" in the context of helping a Muslim in distress, according to the hadith?","""To relieve"" means to minimize the difficulty or distress, whereas ""to remove"" means to totally eradicate the difficulty or hardship."
"According to Ibn Rajab, how should mistakes be treated for people who are not known for transgression?",Mistakes should be concealed and not talked about.
"What does Allah record when a person intends to do an evil deed but does not carry it out, according to the hadith?",Allah records it as a complete good deed.
What do some scholars believe about punishment for having a bad intention if the sin does not involve impermissible speech?,Some scholars believe he will be punished just because of his bad intention.
What is the misconception regarding the concept of wilayah in Islam as discussed in the text?,"The misconception is that the attributes of a wali, or close servant of Allah, have been misunderstood and often do not align with the teachings of the Qur'an and hadith, leading to claims that may not reflect true closeness to Allah."
What does the hadith state about individuals who act out of forgetfulness or by mistake in relation to sinfulness and responsibility?,"The hadith states that those who act out of forgetfulness or by mistake are excused from sinfulness, but it does not mean they are completely exempt from all responsibilities or rulings."
What is the key concern regarding material possessions mentioned in the text?,The key concern is not to take more than what one needs and to avoid being weighed down by materialistic things or wealth.
What advice does Ibn 'Umar give regarding living life and preparing for the future?,"Ibn 'Umar advises to not expect to live until the next day, to take advantage of good health for future illness, and to perform good deeds while one is still alive."
What is the concept that helps Muslims minimize the chances of committing sins by devoting their hearts to Allah?,Tawhid
